<?xml version="1.0" encoding="utf-8" ?>
<dwsync>
<file name="fa-brands-400.eot" server="C:/xampp/htdocs/" local="131890826960000000" remote="131890826960000000" Dst="0" />
<file name="fa-brands-400.woff2" server="C:/xampp/htdocs/" local="131890826960000000" remote="131890826960000000" Dst="0" />
<file name="fa-brands-400.woff" server="C:/xampp/htdocs/" local="131890826960000000" remote="131890826960000000" Dst="0" />
<file name="fa-brands-400.ttf" server="C:/xampp/htdocs/" local="131890826960000000" remote="131890826960000000" Dst="0" />
<file name="fa-solid-900.eot" server="C:/xampp/htdocs/" local="131890826960000000" remote="131890826960000000" Dst="0" />
<file name="fa-solid-900.woff2" server="C:/xampp/htdocs/" local="131890826960000000" remote="131890826960000000" Dst="0" />
<file name="fa-solid-900.woff" server="C:/xampp/htdocs/" local="131890826960000000" remote="131890826960000000" Dst="0" />
<file name="fa-solid-900.ttf" server="C:/xampp/htdocs/" local="131890826960000000" remote="131890826960000000" Dst="0" />
<file name="fa-regular-400.eot" server="C:/xampp/htdocs/" local="131890826960000000" remote="131890826960000000" Dst="0" />
<file name="fa-regular-400.woff2" server="C:/xampp/htdocs/" local="131890826960000000" remote="131890826960000000" Dst="0" />
<file name="fa-regular-400.woff" server="C:/xampp/htdocs/" local="131890826960000000" remote="131890826960000000" Dst="0" />
<file name="fa-regular-400.ttf" server="C:/xampp/htdocs/" local="131890826960000000" remote="131890826960000000" Dst="0" />
</dwsync>